_unit_id,_created_at,_id,_started_at,_tainted,_channel,_trust,_worker_id,_country,_region,_city,_ip,what_is_the_authors_sentiment_feeling_throughout_the_post,clean_tweets,label,what_is_the_authors_sentiment_feeling_throughout_the_post_gold
2693461193,3/20/2020 13:51:50,5532367122,3/20/2020 13:27:57,false,feca,0.9,45636027,USA,NJ,Clifton,104.236.233.182,pleasant,Are year ol‚Ä¶,excitement,
2693461193,3/20/2020 14:00:20,5532380538,3/20/2020 13:58:07,false,clixsense,0.6,45093697,RUS,48,Moscow,109.248.222.45,pleasant,Are year ol‚Ä¶,excitement,
2693461193,3/20/2020 14:07:56,5532397559,3/20/2020 13:58:06,false,clixsense,0.5333,44423530,VEN,15,Santa Teresa,200.93.118.39,excitement,Are year ol‚Ä¶,excitement,
2693461194,3/20/2020 13:28:56,5532333736,3/20/2020 13:28:03,false,feca,1.0,45598522,USA,NY,New York,23.108.24.107,pleasant,Ho ho bringe-tastic fun next week,excitement,
2693461194,3/20/2020 13:59:29,5532378977,3/20/2020 13:58:07,false,feca,0.6,45499788,USA,AZ,Chandler,23.83.129.202,surprise,Ho ho bringe-tastic fun next week,excitement,
2693461194,3/20/2020 14:06:10,5532394314,3/20/2020 13:58:07,false,feca,0.6667,45353204,MDA,60,Balti,109.185.185.184,happy,Ho ho bringe-tastic fun next week,excitement,
2693461195,3/20/2020 13:28:30,5532333102,3/20/2020 13:27:57,false,neodev,0.8,45604336,USA,FL,Saint Petersburg,72.187.235.254,pleasant,Presenting new look Refreshing commitment create better stories greater impact enhanced‚Ä¶,excitement,
2693461195,3/20/2020 13:29:05,5532333921,3/20/2020 13:27:56,false,feca,0.7333,45446923,USA,VA,Manassas,172.241.236.126,pleasant,Presenting new look Refreshing commitment create better stories greater impact enhanced‚Ä¶,excitement,
2693461195,3/20/2020 13:30:20,5532335650,3/20/2020 13:28:29,false,feca,0.7667,45315255,VEN,26,Catia La Mar,186.14.199.192,pleasant,Presenting new look Refreshing commitment create better stories greater impact enhanced‚Ä¶,excitement,
2693461196,3/20/2020 13:28:54,5532333685,3/20/2020 13:27:59,false,feca,0.8,45686939,USA,FL,Miami,38.132.125.50,surprise,This everyone three weeks There one outside ‚Ä¶,excitement,
2693461196,3/20/2020 13:29:13,5532334074,3/20/2020 13:28:00,false,feca,0.8,45601323,USA,NY,Brooklyn,206.217.139.201,angry,This everyone three weeks There one outside ‚Ä¶,excitement,
2693461196,3/20/2020 14:59:33,5532475856,3/20/2020 14:58:28,false,neodev,0.55,40993983,UKR,14,Zakotne,188.190.221.47,angry,This everyone three weeks There one outside ‚Ä¶,excitement,
2693461197,3/20/2020 13:28:56,5532333737,3/20/2020 13:28:03,false,feca,1.0,45598522,USA,NY,New York,23.108.24.107,pleasant,Tune 0am Sunday watch episode Best Walks A View Julia Bradbury Wonder will‚Ä¶,excitement,
2693461197,3/20/2020 14:06:10,5532394318,3/20/2020 13:58:07,false,feca,0.6667,45353204,MDA,60,Balti,109.185.185.184,pleasant,Tune 0am Sunday watch episode Best Walks A View Julia Bradbury Wonder will‚Ä¶,excitement,
2693461197,3/20/2020 14:10:18,5532401284,3/20/2020 13:58:06,false,feca,0.5333,45456415,VEN,15,Santa Teresa,200.93.118.39,excitement,Tune 0am Sunday watch episode Best Walks A View Julia Bradbury Wonder will‚Ä¶,excitement,
2693461198,3/20/2020 13:29:45,5532334766,3/20/2020 13:27:55,false,feca,1.0,45541073,USA,VA,Manassas,172.241.239.208,pleasant,Often attention make learning fun focused elementary early childhood education ages however i‚Ä¶,excitement,
2693461198,3/20/2020 13:37:29,5532345984,3/20/2020 13:27:55,false,clixsense,0.7,45054305,UKR,03,Chernivtsi,176.120.43.230,fear,Often attention make learning fun focused elementary early childhood education ages however i‚Ä¶,excitement,
2693461198,3/20/2020 14:30:31,5532431483,3/20/2020 14:28:17,false,clixsense,0.5333,43723980,SRB,00,Obrenovac,212.69.30.49,fear,Often attention make learning fun focused elementary early childhood education ages however i‚Ä¶,excitement,
2693461199,3/20/2020 13:40:02,5532349763,3/20/2020 13:31:05,false,feca,1.0,45241997,RUS,"","",185.173.93.155,excitement,This pup MOST excited,excitement,
2693461199,3/20/2020 14:00:20,5532380540,3/20/2020 13:58:07,false,clixsense,0.6,45093697,RUS,48,Moscow,109.248.222.45,surprise,This pup MOST excited,excitement,
2693461199,3/20/2020 14:59:54,5532476481,3/20/2020 14:58:26,false,feca,0.4048,45188227,RUS,54,Omsk,81.23.204.106,excitement,This pup MOST excited,excitement,
2693461200,3/20/2020 13:28:56,5532333726,3/20/2020 13:27:56,false,clixsense,1.0,45663022,USA,TX,Dallas,96.44.189.50,excitement,Tune 0am Sunday watch episode Best Walks A View Julia Bradbury Wonder where‚Ä¶,excitement,
2693461200,3/20/2020 13:33:40,5532340145,3/20/2020 13:28:49,false,feca,0.8,45233254,VEN,14,M√©rida,200.82.210.175,excitement,Tune 0am Sunday watch episode Best Walks A View Julia Bradbury Wonder where‚Ä¶,excitement,
2693461200,3/20/2020 15:00:23,5532477285,3/20/2020 14:58:26,false,feca,0.5833,45649620,USA,AZ,Chandler,23.83.129.201,pleasant,Tune 0am Sunday watch episode Best Walks A View Julia Bradbury Wonder where‚Ä¶,excitement,
2693461201,3/20/2020 13:48:10,5532361857,3/20/2020 13:27:57,false,clixsense,0.6,45093697,RUS,48,Moscow,109.248.222.45,happy,Happy st day Spring,excitement,
2693461201,3/20/2020 13:51:50,5532367121,3/20/2020 13:27:57,false,feca,0.9,45636027,USA,NJ,Clifton,104.236.233.182,pleasant,Happy st day Spring,excitement,
2693461201,3/20/2020 15:00:23,5532477288,3/20/2020 14:58:26,false,feca,0.5833,45649620,USA,AZ,Chandler,23.83.129.201,happy,Happy st day Spring,excitement,
2693461202,3/20/2020 14:07:51,5532397378,3/20/2020 14:06:38,false,feca,0.7,45182297,BIH,02,Prijedor,134.90.134.235,surprise,MOVIE NEWS‚ÄºÔ∏è worldwide sales rights acquired The Exchange a‚Ä¶,excitement,
2693461202,3/20/2020 14:09:48,5532400611,3/20/2020 14:08:17,false,clixsense,0.5,45053499,RUS,48,Moscow,109.248.222.155,pleasant,MOVIE NEWS‚ÄºÔ∏è worldwide sales rights acquired The Exchange a‚Ä¶,excitement,
2693461203,3/20/2020 13:51:50,5532367119,3/20/2020 13:27:57,false,feca,0.9,45636027,USA,NJ,Clifton,104.236.233.182,surprise,Who rooting Enrico OFFICIAL BEHIND THE SCENES IS OUT NOWü§©,excitement,
2693461203,3/20/2020 14:07:56,5532397553,3/20/2020 13:58:06,false,clixsense,0.5333,44423530,VEN,15,Santa Teresa,200.93.118.39,excitement,Who rooting Enrico OFFICIAL BEHIND THE SCENES IS OUT NOWü§©,excitement,
2693461203,3/20/2020 15:00:23,5532477284,3/20/2020 14:58:26,false,feca,0.5833,45649620,USA,AZ,Chandler,23.83.129.201,surprise,Who rooting Enrico OFFICIAL BEHIND THE SCENES IS OUT NOWü§©,excitement,
2693461204,3/20/2020 14:07:51,5532397366,3/20/2020 14:06:38,false,feca,0.7,45182297,BIH,02,Prijedor,134.90.134.235,excitement,‚Ä¶,excitement,
2693461204,3/20/2020 14:18:10,5532413320,3/20/2020 14:09:35,false,feca,0.6667,45256649,RUS,48,Moscow,109.248.222.37,pleasant,‚Ä¶,excitement,
2693461205,3/20/2020 13:28:44,5532333469,3/20/2020 13:27:54,false,feca,1.0,45531504,USA,VA,Manassas,23.105.1.181,pleasant,Does anyone sleep How It keeps never sleep ‚Ä¶,excitement,
2693461205,3/20/2020 15:03:09,5532481681,3/20/2020 14:58:26,false,neodev,0.5667,45215691,VEN,13,Barquisimeto,190.200.178.155,surprise,Does anyone sleep How It keeps never sleep ‚Ä¶,excitement,
2693461205,3/20/2020 15:12:05,5532496774,3/20/2020 15:11:31,false,clixsense,0.0,44476229,TUR,38,Kayseri,88.230.41.189,fear,Does anyone sleep How It keeps never sleep ‚Ä¶,excitement,
2693461206,3/20/2020 13:28:56,5532333731,3/20/2020 13:28:03,false,feca,1.0,45598522,USA,NY,New York,23.108.24.107,excitement,first tweet Excited learnü§©,excitement,
2693461206,3/20/2020 13:59:10,5532378428,3/20/2020 13:58:07,false,feca,0.9,45162051,VEN,04,Maracay,201.208.105.110,excitement,first tweet Excited learnü§©,excitement,
2693461206,3/20/2020 14:04:56,5532391642,3/20/2020 13:58:08,false,feca,0.5833,45649620,USA,AZ,Chandler,23.83.129.201,excitement,first tweet Excited learnü§©,excitement,
2693461207,3/20/2020 13:31:07,5532336723,3/20/2020 13:28:04,false,neodev,1.0,44311593,VEN,25,Caracas,190.142.253.189,pleasant,I know gon na start stuff got never put use,excitement,
2693461207,3/20/2020 14:09:10,5532399505,3/20/2020 14:03:26,false,feca,0.5667,45536000,RUS,48,Moscow,45.146.230.66,fear,I know gon na start stuff got never put use,excitement,
2693461207,3/20/2020 14:59:33,5532475850,3/20/2020 14:58:28,false,neodev,0.55,40993983,UKR,14,Zakotne,188.190.221.47,angry,I know gon na start stuff got never put use,excitement,
2693461208,3/20/2020 13:28:56,5532333728,3/20/2020 13:27:56,false,clixsense,1.0,45663022,USA,TX,Dallas,96.44.189.50,surprise,We watch time,excitement,
2693461208,3/20/2020 13:33:40,5532340144,3/20/2020 13:28:49,false,feca,0.8,45233254,VEN,14,M√©rida,200.82.210.175,pleasant,We watch time,excitement,
2693461208,3/20/2020 14:58:58,5532474865,3/20/2020 14:58:27,false,feca,0.3333,45699544,USA,VA,Manassas,23.105.0.118,fear,We watch time,excitement,
2693461209,3/20/2020 13:30:07,5532335286,3/20/2020 13:27:56,false,feca,0.8333,45189946,VEN,25,Caracas,186.167.249.183,surprise,Oh trip ...,excitement,
2693461209,3/20/2020 13:48:10,5532361854,3/20/2020 13:27:57,false,clixsense,0.6,45093697,RUS,48,Moscow,109.248.222.45,happy,Oh trip ...,excitement,
2693461209,3/20/2020 14:29:38,5532430245,3/20/2020 14:28:18,false,neodev,0.55,40993983,UKR,14,Zakotne,188.190.221.47,surprise,Oh trip ...,excitement,
2693461210,3/20/2020 13:30:07,5532335278,3/20/2020 13:27:56,false,feca,0.8333,45189946,VEN,25,Caracas,186.167.249.183,pleasant,I ‚Äô wait longer I ‚Äô going live eternal ‚Ä¶,excitement,
2693461210,3/20/2020 13:48:10,5532361860,3/20/2020 13:27:57,false,clixsense,0.6,45093697,RUS,48,Moscow,109.248.222.45,excitement,I ‚Äô wait longer I ‚Äô going live eternal ‚Ä¶,excitement,
2693461210,3/20/2020 15:00:23,5532477279,3/20/2020 14:58:26,false,feca,0.5833,45649620,USA,AZ,Chandler,23.83.129.201,happy,I ‚Äô wait longer I ‚Äô going live eternal ‚Ä¶,excitement,
2693461211,3/20/2020 13:31:45,5532337547,3/20/2020 13:27:55,false,feca,1.0,45602898,USA,NJ,Clifton,104.236.74.212,fear,I ‚Äô wait longer I ‚Äô going live eternal ‚Ä¶,excitement,
2693461211,3/20/2020 13:37:53,5532346555,3/20/2020 13:27:55,false,feca,0.6,45500797,VEN,03,Arichuna,190.38.66.30,happy,I ‚Äô wait longer I ‚Äô going live eternal ‚Ä¶,excitement,
2693461211,3/20/2020 14:58:58,5532474866,3/20/2020 14:58:27,false,feca,0.3333,45699544,USA,VA,Manassas,23.105.0.118,excitement,I ‚Äô wait longer I ‚Äô going live eternal ‚Ä¶,excitement,
2693461212,3/20/2020 13:28:44,5532333462,3/20/2020 13:27:54,false,feca,1.0,45531504,USA,VA,Manassas,23.105.1.181,pleasant,I ‚Äô wait longer I ‚Äô going live eternal ‚Ä¶,excitement,
2693461212,3/20/2020 15:03:09,5532481684,3/20/2020 14:58:26,false,neodev,0.5667,45215691,VEN,13,Barquisimeto,190.200.178.155,pleasant,I ‚Äô wait longer I ‚Äô going live eternal ‚Ä¶,excitement,
2693461212,3/20/2020 15:12:08,5532496910,3/20/2020 15:10:56,false,neodev,0.55,40993983,UKR,14,Zakotne,188.190.221.47,happy,I ‚Äô wait longer I ‚Äô going live eternal ‚Ä¶,excitement,
2693461213,3/20/2020 13:28:22,5532332862,3/20/2020 13:28:08,false,neodev,1.0,45705983,USA,NJ,Clifton,104.131.188.187,excitement,INFO Joy 's OST `` Introduce Me A Good Person '' reached Bugs Bugs +1 ‚Ä¶,happy,
2693461213,3/20/2020 14:10:00,5532400904,3/20/2020 13:58:15,false,feca,0.4667,45506112,VEN,19,Altagracia,186.89.204.112,pleasant,INFO Joy 's OST `` Introduce Me A Good Person '' reached Bugs Bugs +1 ‚Ä¶,happy,
2693461213,3/20/2020 15:31:20,5532529953,3/20/2020 15:28:57,false,feca,0.5333,45456415,VEN,15,San Antonio De Los Altos,201.242.149.122,excitement,INFO Joy 's OST `` Introduce Me A Good Person '' reached Bugs Bugs +1 ‚Ä¶,happy,
2693461214,3/20/2020 13:30:07,5532335282,3/20/2020 13:27:56,false,feca,0.8333,45189946,VEN,25,Caracas,186.167.249.183,angry,The We 're seeing shift amp find lit‚Ä¶,happy,
2693461214,3/20/2020 13:48:10,5532361855,3/20/2020 13:27:57,false,clixsense,0.6,45093697,RUS,48,Moscow,109.248.222.45,pleasant,The We 're seeing shift amp find lit‚Ä¶,happy,
2693461214,3/20/2020 13:59:31,5532379015,3/20/2020 13:58:05,false,feca,0.75,45388947,EGY,11,Cairo,196.221.255.202,fear,The We 're seeing shift amp find lit‚Ä¶,happy,
2693461215,3/20/2020 13:35:24,5532342754,3/20/2020 13:28:01,false,feca,0.4048,45188227,RUS,54,Omsk,81.23.204.106,surprise,Make someone SMILE With Monkey Hug Box ‚Ä¶,happy,
2693461215,3/20/2020 13:47:27,5532360887,3/20/2020 13:28:02,false,feca,0.8,45188060,RUS,61,Rostov-na-donu,178.155.5.49,happy,Make someone SMILE With Monkey Hug Box ‚Ä¶,happy,
2693461215,3/20/2020 13:59:29,5532378973,3/20/2020 13:58:07,false,feca,0.6,45499788,USA,AZ,Chandler,23.83.129.202,surprise,Make someone SMILE With Monkey Hug Box ‚Ä¶,happy,
2693461216,3/20/2020 13:30:56,5532336568,3/20/2020 13:28:10,false,clixsense,1.0,44986011,RUS,53,Novosibirsk,109.237.109.145,pleasant,Encrusted Pineapple Crystal Drop Dangle Earrings,happy,
2693461216,3/20/2020 13:38:52,5532348095,3/20/2020 13:33:09,false,feca,0.6333,45242057,RUS,70,Budennovsk,109.168.189.244,pleasant,Encrusted Pineapple Crystal Drop Dangle Earrings,happy,
2693461216,3/20/2020 14:10:00,5532400900,3/20/2020 13:58:15,false,feca,0.4667,45506112,VEN,19,Altagracia,186.89.204.112,surprise,Encrusted Pineapple Crystal Drop Dangle Earrings,happy,
2693461217,3/20/2020 13:30:14,5532335474,3/20/2020 13:29:54,false,neodev,1.0,43765666,VEN,07,Valencia,201.243.201.113,happy,Pray Press Push Praise way right temporary season lives I Love praying f‚Ä¶,happy,
2693461217,3/20/2020 13:39:17,5532348704,3/20/2020 13:35:08,false,feca,0.75,45194293,RUS,53,Novosibirsk,109.237.110.158,surprise,Pray Press Push Praise way right temporary season lives I Love praying f‚Ä¶,happy,
2693461217,3/20/2020 14:07:07,5532396100,3/20/2020 13:58:06,false,clixsense,0.6,44857692,SRB,00,Kragujevac,178.149.18.200,pleasant,Pray Press Push Praise way right temporary season lives I Love praying f‚Ä¶,happy,
2693461218,3/20/2020 13:38:02,5532346809,3/20/2020 13:36:53,false,feca,0.6,45438101,RUS,61,Rostov-na-donu,178.155.5.49,happy,Sitting thinking lucky I I ‚Äô good health I wonderful family great network fri‚Ä¶,happy,
2693461218,3/20/2020 13:40:07,5532349880,3/20/2020 13:27:54,false,feca,0.6,45597733,USA,IL,Chicago,23.81.152.163,pleasant,Sitting thinking lucky I I ‚Äô good health I wonderful family great network fri‚Ä¶,happy,
2693461218,3/20/2020 14:49:10,5532459481,3/20/2020 14:28:17,false,feca,0.6,45162973,SRB,00,Nis,94.228.224.199,happy,Sitting thinking lucky I I ‚Äô good health I wonderful family great network fri‚Ä¶,happy,
2693461219,3/20/2020 13:28:16,5532332691,3/20/2020 13:27:54,false,neodev,0.5667,45215691,VEN,13,Barquisimeto,190.200.178.155,happy,I love part Joy 's OST `` Introduce Me A Good Person '' much Joy 's beautiful clear vocal color layered her‚Ä¶,happy,
2693461219,3/20/2020 13:29:50,5532334874,3/20/2020 13:27:56,false,feca,0.75,45388947,EGY,11,Cairo,196.221.255.202,happy,I love part Joy 's OST `` Introduce Me A Good Person '' much Joy 's beautiful clear vocal color layered her‚Ä¶,happy,
2693461219,3/20/2020 14:02:26,5532385234,3/20/2020 13:58:09,false,feca,0.6667,45256649,RUS,48,Moscow,109.248.222.37,happy,I love part Joy 's OST `` Introduce Me A Good Person '' much Joy 's beautiful clear vocal color layered her‚Ä¶,happy,
2693461220,3/20/2020 13:31:45,5532337555,3/20/2020 13:27:55,false,feca,1.0,45602898,USA,NJ,Clifton,104.236.74.212,fear,FashionInTheHouse Get earrings fashion accessories wholesale price ‚Ä¶,happy,
2693461220,3/20/2020 13:37:53,5532346548,3/20/2020 13:27:55,false,feca,0.6,45500797,VEN,03,Arichuna,190.38.66.30,pleasant,FashionInTheHouse Get earrings fashion accessories wholesale price ‚Ä¶,happy,
2693461220,3/20/2020 14:02:26,5532385220,3/20/2020 13:58:09,false,feca,0.6667,45256649,RUS,48,Moscow,109.248.222.37,pleasant,FashionInTheHouse Get earrings fashion accessories wholesale price ‚Ä¶,happy,
2693461221,3/20/2020 13:38:02,5532346804,3/20/2020 13:36:53,false,feca,0.6,45438101,RUS,61,Rostov-na-donu,178.155.5.49,happy,To JOY REDVELVET Please read time ‚Å† ‚Å† ‚Å†,happy,
2693461221,3/20/2020 13:40:07,5532349878,3/20/2020 13:27:54,false,feca,0.6,45597733,USA,IL,Chicago,23.81.152.163,excitement,To JOY REDVELVET Please read time ‚Å† ‚Å† ‚Å†,happy,
2693461221,3/20/2020 14:49:10,5532459473,3/20/2020 14:28:17,false,feca,0.6,45162973,SRB,00,Nis,94.228.224.199,pleasant,To JOY REDVELVET Please read time ‚Å† ‚Å† ‚Å†,happy,
2693461222,3/20/2020 13:28:22,5532332860,3/20/2020 13:28:08,false,neodev,1.0,45705983,USA,NJ,Clifton,104.131.188.187,pleasant,The informality family life blessed condition allows us become best looking worst St‚Ä¶,happy,
2693461222,3/20/2020 13:38:52,5532348092,3/20/2020 13:33:09,false,feca,0.6333,45242057,RUS,70,Budennovsk,109.168.189.244,surprise,The informality family life blessed condition allows us become best looking worst St‚Ä¶,happy,
2693461222,3/20/2020 14:10:00,5532400890,3/20/2020 13:58:15,false,feca,0.4667,45506112,VEN,19,Altagracia,186.89.204.112,angry,The informality family life blessed condition allows us become best looking worst St‚Ä¶,happy,
2693461223,3/20/2020 13:28:30,5532333109,3/20/2020 13:27:57,false,neodev,0.8,45604336,USA,FL,Saint Petersburg,72.187.235.254,pleasant,INFO Joy 's OST `` Introduce Me A Good Person '' reached Bugs Bugs +1 ‚Ä¶,happy,
2693461223,3/20/2020 13:29:05,5532333914,3/20/2020 13:27:56,false,feca,0.7333,45446923,USA,VA,Manassas,172.241.236.126,excitement,INFO Joy 's OST `` Introduce Me A Good Person '' reached Bugs Bugs +1 ‚Ä¶,happy,
2693461223,3/20/2020 13:30:07,5532335274,3/20/2020 13:27:56,false,feca,0.8333,45189946,VEN,25,Caracas,186.167.249.183,pleasant,INFO Joy 's OST `` Introduce Me A Good Person '' reached Bugs Bugs +1 ‚Ä¶,happy,
2693461224,3/20/2020 13:30:56,5532336566,3/20/2020 13:28:10,false,clixsense,1.0,44986011,RUS,53,Novosibirsk,109.237.109.145,happy,There part nighttime ritual might LOVE rest solid I promise Find out‚Ä¶,happy,
2693461224,3/20/2020 13:37:16,5532345673,3/20/2020 13:29:55,false,feca,0.7667,45186536,RUS,53,Novosibirsk,109.237.110.158,happy,There part nighttime ritual might LOVE rest solid I promise Find out‚Ä¶,happy,
2693461224,3/20/2020 15:31:20,5532529982,3/20/2020 15:28:57,false,feca,0.5333,45456415,VEN,15,San Antonio De Los Altos,201.242.149.122,pleasant,There part nighttime ritual might LOVE rest solid I promise Find out‚Ä¶,happy,
2693461225,3/20/2020 13:30:14,5532335481,3/20/2020 13:29:54,false,neodev,1.0,43765666,VEN,07,Valencia,201.243.201.113,pleasant,To extent Christianity influenced culture wickedness around us ‚Ä¶,happy,
2693461225,3/20/2020 13:39:17,5532348712,3/20/2020 13:35:08,false,feca,0.75,45194293,RUS,53,Novosibirsk,109.237.110.158,pleasant,To extent Christianity influenced culture wickedness around us ‚Ä¶,happy,
2693461225,3/20/2020 14:07:07,5532396098,3/20/2020 13:58:06,false,clixsense,0.6,44857692,SRB,00,Kragujevac,178.149.18.200,angry,To extent Christianity influenced culture wickedness around us ‚Ä¶,happy,
2693461226,3/20/2020 13:30:07,5532335292,3/20/2020 13:27:56,false,feca,0.8333,45189946,VEN,25,Caracas,186.167.249.183,happy,We go back laughing together Strength courage See soon ‚Äù Ô∏è,happy,
2693461226,3/20/2020 13:30:20,5532335625,3/20/2020 13:28:29,false,feca,0.7667,45315255,VEN,26,Catia La Mar,186.14.199.192,excitement,We go back laughing together Strength courage See soon ‚Äù Ô∏è,happy,
2693461226,3/20/2020 13:59:31,5532379003,3/20/2020 13:58:05,false,feca,0.75,45388947,EGY,11,Cairo,196.221.255.202,happy,We go back laughing together Strength courage See soon ‚Äù Ô∏è,happy,
2693461227,3/20/2020 13:40:02,5532349762,3/20/2020 13:31:05,false,feca,1.0,45241997,RUS,"","",185.173.93.155,happy,M√≥r Muman The Thousandth Night Bruce Neeley Peace Joy amp Many Blessings always dear friends Ô∏èÔ∏èÔ∏è ‚Ä¶,happy,
2693461227,3/20/2020 14:30:31,5532431481,3/20/2020 14:28:17,false,clixsense,0.5333,43723980,SRB,00,Obrenovac,212.69.30.49,pleasant,M√≥r Muman The Thousandth Night Bruce Neeley Peace Joy amp Many Blessings always dear friends Ô∏èÔ∏èÔ∏è ‚Ä¶,happy,
2693461227,3/20/2020 14:59:54,5532476485,3/20/2020 14:58:26,false,feca,0.4048,45188227,RUS,54,Omsk,81.23.204.106,pleasant,M√≥r Muman The Thousandth Night Bruce Neeley Peace Joy amp Many Blessings always dear friends Ô∏èÔ∏èÔ∏è ‚Ä¶,happy,
2693461228,3/20/2020 13:30:14,5532335477,3/20/2020 13:29:54,false,neodev,1.0,43765666,VEN,07,Valencia,201.243.201.113,happy,The Body The Body Redu Bruce Neeley Ô∏èÔ∏èÔ∏è,happy,
2693461228,3/20/2020 13:39:17,5532348707,3/20/2020 13:35:08,false,feca,0.75,45194293,RUS,53,Novosibirsk,109.237.110.158,angry,The Body The Body Redu Bruce Neeley Ô∏èÔ∏èÔ∏è,happy,
2693461228,3/20/2020 14:07:07,5532396102,3/20/2020 13:58:06,false,clixsense,0.6,44857692,SRB,00,Kragujevac,178.149.18.200,pleasant,The Body The Body Redu Bruce Neeley Ô∏èÔ∏èÔ∏è,happy,
2693461229,3/20/2020 14:07:51,5532397372,3/20/2020 14:06:38,false,feca,0.7,45182297,BIH,02,Prijedor,134.90.134.235,surprise,But Breeze Nature Knows Bruce Neeley We nature Universe We de‚Ä¶,happy,
2693461229,3/20/2020 14:09:48,5532400604,3/20/2020 14:08:17,false,clixsense,0.5,45053499,RUS,48,Moscow,109.248.222.155,pleasant,But Breeze Nature Knows Bruce Neeley We nature Universe We de‚Ä¶,happy,
2693461230,3/20/2020 13:31:45,5532337558,3/20/2020 13:27:55,false,feca,1.0,45602898,USA,NJ,Clifton,104.236.74.212,excitement,INFO Joy 's OST `` Introduce Me A Good Person '' reached official instiz iChart ‚Ä¶,happy,
2693461230,3/20/2020 13:37:53,5532346552,3/20/2020 13:27:55,false,feca,0.6,45500797,VEN,03,Arichuna,190.38.66.30,pleasant,INFO Joy 's OST `` Introduce Me A Good Person '' reached official instiz iChart ‚Ä¶,happy,
2693461230,3/20/2020 14:59:58,5532476647,3/20/2020 14:58:27,false,feca,0.5,45158697,RUS,67,Saratov,176.15.126.137,pleasant,INFO Joy 's OST `` Introduce Me A Good Person '' reached official instiz iChart ‚Ä¶,happy,
2693461231,3/20/2020 13:47:27,5532360885,3/20/2020 13:28:02,false,feca,0.8,45188060,RUS,61,Rostov-na-donu,178.155.5.49,happy,Do n't forget I ‚Äô promise deliver best music I produce compose paired mos‚Ä¶,happy,
2693461231,3/20/2020 14:06:10,5532394326,3/20/2020 13:58:07,false,feca,0.6667,45353204,MDA,60,Balti,109.185.185.184,surprise,Do n't forget I ‚Äô promise deliver best music I produce compose paired mos‚Ä¶,happy,
2693461231,3/20/2020 14:10:18,5532401281,3/20/2020 13:58:06,false,feca,0.5333,45456415,VEN,15,Santa Teresa,200.93.118.39,excitement,Do n't forget I ‚Äô promise deliver best music I produce compose paired mos‚Ä¶,happy,
2693461232,3/20/2020 13:28:54,5532333700,3/20/2020 13:27:56,false,neodev,0.6667,45351611,USA,NJ,Clifton,104.131.176.234,pleasant,INFO Joy 's OST `` Introduce Me A Good Person '' reached Bugs Bugs +1 ‚Ä¶,happy,
2693461232,3/20/2020 13:32:40,5532338731,3/20/2020 13:27:54,false,feca,0.6667,45155696,BIH,02,Doboj,62.68.111.6,happy,INFO Joy 's OST `` Introduce Me A Good Person '' reached Bugs Bugs +1 ‚Ä¶,happy,
2693461232,3/20/2020 14:59:58,5532476651,3/20/2020 14:58:27,false,feca,0.5,45158697,RUS,67,Saratov,176.15.126.137,pleasant,INFO Joy 's OST `` Introduce Me A Good Person '' reached Bugs Bugs +1 ‚Ä¶,happy,
2693461233,3/20/2020 13:31:07,5532336721,3/20/2020 13:28:04,false,neodev,1.0,44311593,VEN,25,Caracas,190.142.253.189,happy,Ap Great hn,pleasant,
2693461233,3/20/2020 14:09:10,5532399507,3/20/2020 14:03:26,false,feca,0.5667,45536000,RUS,48,Moscow,45.146.230.66,happy,Ap Great hn,pleasant,
2693461233,3/20/2020 14:29:20,5532429867,3/20/2020 14:28:19,false,feca,0.4048,45188227,RUS,54,Omsk,81.23.204.106,pleasant,Ap Great hn,pleasant,
2693461234,3/20/2020 13:35:24,5532342753,3/20/2020 13:28:01,false,feca,0.4048,45188227,RUS,54,Omsk,81.23.204.106,pleasant,Seems appropriate song Ô∏è,pleasant,
2693461234,3/20/2020 13:47:27,5532360886,3/20/2020 13:28:02,false,feca,0.8,45188060,RUS,61,Rostov-na-donu,178.155.5.49,happy,Seems appropriate song Ô∏è,pleasant,
2693461234,3/20/2020 14:10:18,5532401276,3/20/2020 13:58:06,false,feca,0.5333,45456415,VEN,15,Santa Teresa,200.93.118.39,pleasant,Seems appropriate song Ô∏è,pleasant,
2693461235,3/20/2020 13:31:45,5532337543,3/20/2020 13:27:55,false,feca,1.0,45602898,USA,NJ,Clifton,104.236.74.212,fear,France starting curfews probably use police army keep people home population caring‚Ä¶,pleasant,
2693461235,3/20/2020 13:37:53,5532346554,3/20/2020 13:27:55,false,feca,0.6,45500797,VEN,03,Arichuna,190.38.66.30,fear,France starting curfews probably use police army keep people home population caring‚Ä¶,pleasant,
2693461235,3/20/2020 14:58:58,5532474863,3/20/2020 14:58:27,false,feca,0.3333,45699544,USA,VA,Manassas,23.105.0.118,excitement,France starting curfews probably use police army keep people home population caring‚Ä¶,pleasant,
2693461236,3/20/2020 13:28:54,5532333689,3/20/2020 13:27:59,false,feca,0.8,45686939,USA,FL,Miami,38.132.125.50,excitement,BOINK Comic .‚Å£‚Å£ ‚Å£ Abbot takes advantage irresistible opportunity.‚Å£ ‚Å£ ‚Ä¶,pleasant,
2693461236,3/20/2020 13:29:13,5532334071,3/20/2020 13:28:00,false,feca,0.8,45601323,USA,NY,Brooklyn,206.217.139.201,excitement,BOINK Comic .‚Å£‚Å£ ‚Å£ Abbot takes advantage irresistible opportunity.‚Å£ ‚Å£ ‚Ä¶,pleasant,
2693461236,3/20/2020 14:01:07,5532382234,3/20/2020 13:58:06,false,neodev,0.7333,44577724,PER,08,Cusco,179.6.34.25,excitement,BOINK Comic .‚Å£‚Å£ ‚Å£ Abbot takes advantage irresistible opportunity.‚Å£ ‚Å£ ‚Ä¶,pleasant,
2693461237,3/20/2020 13:29:45,5532334761,3/20/2020 13:27:55,false,feca,1.0,45541073,USA,VA,Manassas,172.241.239.208,pleasant,BOINK Comic .‚Å£‚Å£ ‚Å£ Abbot takes advantage irresistible opportunity.‚Å£ ‚Å£ ‚Ä¶,pleasant,
2693461237,3/20/2020 13:37:29,5532345995,3/20/2020 13:27:55,false,clixsense,0.7,45054305,UKR,03,Chernivtsi,176.120.43.230,pleasant,BOINK Comic .‚Å£‚Å£ ‚Å£ Abbot takes advantage irresistible opportunity.‚Å£ ‚Å£ ‚Ä¶,pleasant,
2693461237,3/20/2020 13:59:31,5532379008,3/20/2020 13:58:05,false,feca,0.75,45388947,EGY,11,Cairo,196.221.255.202,happy,BOINK Comic .‚Å£‚Å£ ‚Å£ Abbot takes advantage irresistible opportunity.‚Å£ ‚Å£ ‚Ä¶,pleasant,
2693461238,3/20/2020 13:28:22,5532332863,3/20/2020 13:28:08,false,neodev,1.0,45705983,USA,NJ,Clifton,104.131.188.187,surprise,To thanks medical people working like hell day save us Nice ‚Ä¶,pleasant,
2693461238,3/20/2020 14:09:10,5532399501,3/20/2020 14:03:26,false,feca,0.5667,45536000,RUS,48,Moscow,45.146.230.66,fear,To thanks medical people working like hell day save us Nice ‚Ä¶,pleasant,
2693461238,3/20/2020 14:59:33,5532475860,3/20/2020 14:58:28,false,neodev,0.55,40993983,UKR,14,Zakotne,188.190.221.47,happy,To thanks medical people working like hell day save us Nice ‚Ä¶,pleasant,
2693461239,3/20/2020 13:29:50,5532334872,3/20/2020 13:27:56,false,feca,0.75,45388947,EGY,11,Cairo,196.221.255.202,excitement,September ManorStories Request Requested Martin Moore featuring Nora Valkyrie amp Lie Ren form ‚Ä¶,pleasant,
2693461239,3/20/2020 14:02:26,5532385228,3/20/2020 13:58:09,false,feca,0.6667,45256649,RUS,48,Moscow,109.248.222.37,pleasant,September ManorStories Request Requested Martin Moore featuring Nora Valkyrie amp Lie Ren form ‚Ä¶,pleasant,
2693461239,3/20/2020 14:30:31,5532431487,3/20/2020 14:28:17,false,clixsense,0.5333,43723980,SRB,00,Obrenovac,212.69.30.49,pleasant,September ManorStories Request Requested Martin Moore featuring Nora Valkyrie amp Lie Ren form ‚Ä¶,pleasant,
2693461240,3/20/2020 13:51:50,5532367125,3/20/2020 13:27:57,false,feca,0.9,45636027,USA,NJ,Clifton,104.236.233.182,happy,GET YOUR fun Play ‚Ä¶,pleasant,
2693461240,3/20/2020 14:00:20,5532380545,3/20/2020 13:58:07,false,clixsense,0.6,45093697,RUS,48,Moscow,109.248.222.45,excitement,GET YOUR fun Play ‚Ä¶,pleasant,
2693461240,3/20/2020 14:07:56,5532397565,3/20/2020 13:58:06,false,clixsense,0.5333,44423530,VEN,15,Santa Teresa,200.93.118.39,pleasant,GET YOUR fun Play ‚Ä¶,pleasant,
2693461241,3/20/2020 13:28:30,5532333098,3/20/2020 13:27:57,false,neodev,0.8,45604336,USA,FL,Saint Petersburg,72.187.235.254,happy,Delighted You stay well keep I one appreciate greatly,pleasant,
2693461241,3/20/2020 13:29:05,5532333916,3/20/2020 13:27:56,false,feca,0.7333,45446923,USA,VA,Manassas,172.241.236.126,happy,Delighted You stay well keep I one appreciate greatly,pleasant,
2693461241,3/20/2020 13:30:20,5532335633,3/20/2020 13:28:29,false,feca,0.7667,45315255,VEN,26,Catia La Mar,186.14.199.192,happy,Delighted You stay well keep I one appreciate greatly,pleasant,
2693461242,3/20/2020 13:59:10,5532378424,3/20/2020 13:58:07,false,feca,0.9,45162051,VEN,04,Maracay,201.208.105.110,surprise,How instead one In honour week shot I took while‚Ä¶,pleasant,
2693461242,3/20/2020 14:01:04,5532382097,3/20/2020 13:59:53,false,feca,0.6667,45219214,RUS,70,Budennovsk,109.168.189.244,surprise,How instead one In honour week shot I took while‚Ä¶,pleasant,
2693461242,3/20/2020 14:04:56,5532391636,3/20/2020 13:58:08,false,feca,0.5833,45649620,USA,AZ,Chandler,23.83.129.201,surprise,How instead one In honour week shot I took while‚Ä¶,pleasant,
2693461243,3/20/2020 13:30:14,5532335469,3/20/2020 13:29:54,false,neodev,1.0,43765666,VEN,07,Valencia,201.243.201.113,happy,All dogs playing| family ya got there|Lucan Yoda bruno,pleasant,
2693461243,3/20/2020 13:37:16,5532345672,3/20/2020 13:29:55,false,feca,0.7667,45186536,RUS,53,Novosibirsk,109.237.110.158,happy,All dogs playing| family ya got there|Lucan Yoda bruno,pleasant,
2693461243,3/20/2020 14:07:07,5532396096,3/20/2020 13:58:06,false,clixsense,0.6,44857692,SRB,00,Kragujevac,178.149.18.200,happy,All dogs playing| family ya got there|Lucan Yoda bruno,pleasant,
2693461244,3/20/2020 13:29:45,5532334745,3/20/2020 13:27:55,false,feca,1.0,45541073,USA,VA,Manassas,172.241.239.208,surprise,It use years It existing approved drug.Why test In Italy y‚Ä¶,pleasant,
2693461244,3/20/2020 13:37:29,5532345989,3/20/2020 13:27:55,false,clixsense,0.7,45054305,UKR,03,Chernivtsi,176.120.43.230,fear,It use years It existing approved drug.Why test In Italy y‚Ä¶,pleasant,
2693461244,3/20/2020 13:59:31,5532379013,3/20/2020 13:58:05,false,feca,0.75,45388947,EGY,11,Cairo,196.221.255.202,fear,It use years It existing approved drug.Why test In Italy y‚Ä¶,pleasant,
2693461245,3/20/2020 13:28:54,5532333694,3/20/2020 13:27:56,false,neodev,0.6667,45351611,USA,NJ,Clifton,104.131.176.234,excitement,A curfew announced un mayor says one reason go pm except staff authori‚Ä¶,pleasant,
2693461245,3/20/2020 13:32:40,5532338734,3/20/2020 13:27:54,false,feca,0.6667,45155696,BIH,02,Doboj,62.68.111.6,fear,A curfew announced un mayor says one reason go pm except staff authori‚Ä¶,pleasant,
2693461245,3/20/2020 15:03:09,5532481675,3/20/2020 14:58:26,false,neodev,0.5667,45215691,VEN,13,Barquisimeto,190.200.178.155,pleasant,A curfew announced un mayor says one reason go pm except staff authori‚Ä¶,pleasant,
2693461246,3/20/2020 13:40:02,5532349767,3/20/2020 13:31:05,false,feca,1.0,45241997,RUS,"","",185.173.93.155,surprise,While 's thought 's definitely closer,pleasant,
2693461246,3/20/2020 14:07:56,5532397581,3/20/2020 13:58:06,false,clixsense,0.5333,44423530,VEN,15,Santa Teresa,200.93.118.39,excitement,While 's thought 's definitely closer,pleasant,
2693461246,3/20/2020 14:59:54,5532476476,3/20/2020 14:58:26,false,feca,0.4048,45188227,RUS,54,Omsk,81.23.204.106,pleasant,While 's thought 's definitely closer,pleasant,
2693461247,3/20/2020 13:28:16,5532332693,3/20/2020 13:27:54,false,neodev,0.5667,45215691,VEN,13,Barquisimeto,190.200.178.155,pleasant,supporting taking commission sales actual‚Ä¶,pleasant,
2693461247,3/20/2020 13:28:54,5532333696,3/20/2020 13:27:56,false,neodev,0.6667,45351611,USA,NJ,Clifton,104.131.176.234,happy,supporting taking commission sales actual‚Ä¶,pleasant,
2693461247,3/20/2020 13:32:40,5532338732,3/20/2020 13:27:54,false,feca,0.6667,45155696,BIH,02,Doboj,62.68.111.6,happy,supporting taking commission sales actual‚Ä¶,pleasant,
2693461248,3/20/2020 13:28:44,5532333455,3/20/2020 13:27:54,false,feca,1.0,45531504,USA,VA,Manassas,23.105.1.181,angry,Since financial emergency plan sell games 8.69 I must demand stores be‚Ä¶,pleasant,
2693461248,3/20/2020 15:03:09,5532481687,3/20/2020 14:58:26,false,neodev,0.5667,45215691,VEN,13,Barquisimeto,190.200.178.155,surprise,Since financial emergency plan sell games 8.69 I must demand stores be‚Ä¶,pleasant,
2693461248,3/20/2020 15:12:08,5532496917,3/20/2020 15:10:56,false,neodev,0.55,40993983,UKR,14,Zakotne,188.190.221.47,angry,Since financial emergency plan sell games 8.69 I must demand stores be‚Ä¶,pleasant,
2693461249,3/20/2020 13:29:13,5532334068,3/20/2020 13:28:00,false,feca,0.8,45601323,USA,NY,Brooklyn,206.217.139.201,surprise,That 's Cher..,pleasant,
2693461249,3/20/2020 13:35:24,5532342756,3/20/2020 13:28:01,false,feca,0.4048,45188227,RUS,54,Omsk,81.23.204.106,surprise,That 's Cher..,pleasant,
2693461249,3/20/2020 14:01:07,5532382257,3/20/2020 13:58:06,false,neodev,0.7333,44577724,PER,08,Cusco,179.6.34.25,pleasant,That 's Cher..,pleasant,
2693461250,3/20/2020 13:28:16,5532332698,3/20/2020 13:27:54,false,neodev,0.5667,45215691,VEN,13,Barquisimeto,190.200.178.155,excitement,Not heroes wear capes ‚Ä¶,pleasant,
2693461250,3/20/2020 13:28:54,5532333698,3/20/2020 13:27:56,false,neodev,0.6667,45351611,USA,NJ,Clifton,104.131.176.234,happy,Not heroes wear capes ‚Ä¶,pleasant,
2693461250,3/20/2020 13:32:40,5532338730,3/20/2020 13:27:54,false,feca,0.6667,45155696,BIH,02,Doboj,62.68.111.6,happy,Not heroes wear capes ‚Ä¶,pleasant,
2693461251,3/20/2020 13:28:22,5532332864,3/20/2020 13:28:08,false,neodev,1.0,45705983,USA,NJ,Clifton,104.131.188.187,excitement,A curfew announced un mayor says one reason go pm except staff authori‚Ä¶,pleasant,
2693461251,3/20/2020 13:38:52,5532348093,3/20/2020 13:33:09,false,feca,0.6333,45242057,RUS,70,Budennovsk,109.168.189.244,surprise,A curfew announced un mayor says one reason go pm except staff authori‚Ä¶,pleasant,
2693461251,3/20/2020 14:09:10,5532399492,3/20/2020 14:03:26,false,feca,0.5667,45536000,RUS,48,Moscow,45.146.230.66,angry,A curfew announced un mayor says one reason go pm except staff authori‚Ä¶,pleasant,
2693461252,3/20/2020 13:59:10,5532378421,3/20/2020 13:58:07,false,feca,0.9,45162051,VEN,04,Maracay,201.208.105.110,fear,A curfew announced un mayor says one reason go pm except staff au‚Ä¶,pleasant,
2693461252,3/20/2020 14:01:04,5532382099,3/20/2020 13:59:53,false,feca,0.6667,45219214,RUS,70,Budennovsk,109.168.189.244,surprise,A curfew announced un mayor says one reason go pm except staff au‚Ä¶,pleasant,
2693461252,3/20/2020 14:04:56,5532391631,3/20/2020 13:58:08,false,feca,0.5833,45649620,USA,AZ,Chandler,23.83.129.201,angry,A curfew announced un mayor says one reason go pm except staff au‚Ä¶,pleasant,
2693461253,3/20/2020 13:28:54,5532333686,3/20/2020 13:27:59,false,feca,0.8,45686939,USA,FL,Miami,38.132.125.50,angry,I tired people throwing around word Nazi ... These people know nothing happened‚Ä¶,surprise,
2693461253,3/20/2020 13:29:13,5532334078,3/20/2020 13:28:00,false,feca,0.8,45601323,USA,NY,Brooklyn,206.217.139.201,angry,I tired people throwing around word Nazi ... These people know nothing happened‚Ä¶,surprise,
2693461253,3/20/2020 14:01:07,5532382251,3/20/2020 13:58:06,false,neodev,0.7333,44577724,PER,08,Cusco,179.6.34.25,angry,I tired people throwing around word Nazi ... These people know nothing happened‚Ä¶,surprise,
2693461254,3/20/2020 13:28:16,5532332690,3/20/2020 13:27:54,false,neodev,0.5667,45215691,VEN,13,Barquisimeto,190.200.178.155,angry,Lauren High STUPID Asking friend,surprise,
2693461254,3/20/2020 13:29:50,5532334870,3/20/2020 13:27:56,false,feca,0.75,45388947,EGY,11,Cairo,196.221.255.202,fear,Lauren High STUPID Asking friend,surprise,
2693461254,3/20/2020 14:59:58,5532476649,3/20/2020 14:58:27,false,feca,0.5,45158697,RUS,67,Saratov,176.15.126.137,surprise,Lauren High STUPID Asking friend,surprise,
2693461255,3/20/2020 13:29:45,5532334756,3/20/2020 13:27:55,false,feca,1.0,45541073,USA,VA,Manassas,172.241.239.208,fear,Pic NOT colleague Posted physician group Feeling beyond concern More ‚Ä¶,surprise,
2693461255,3/20/2020 13:37:29,5532345992,3/20/2020 13:27:55,false,clixsense,0.7,45054305,UKR,03,Chernivtsi,176.120.43.230,fear,Pic NOT colleague Posted physician group Feeling beyond concern More ‚Ä¶,surprise,
2693461255,3/20/2020 13:59:31,5532378997,3/20/2020 13:58:05,false,feca,0.75,45388947,EGY,11,Cairo,196.221.255.202,fear,Pic NOT colleague Posted physician group Feeling beyond concern More ‚Ä¶,surprise,
2693461256,3/20/2020 13:30:56,5532336575,3/20/2020 13:28:10,false,clixsense,1.0,44986011,RUS,53,Novosibirsk,109.237.109.145,excitement,hello fans waiting long signs game update page every day s‚Ä¶,surprise,
2693461256,3/20/2020 13:37:16,5532345674,3/20/2020 13:29:55,false,feca,0.7667,45186536,RUS,53,Novosibirsk,109.237.110.158,excitement,hello fans waiting long signs game update page every day s‚Ä¶,surprise,
2693461256,3/20/2020 15:31:20,5532529967,3/20/2020 15:28:57,false,feca,0.5333,45456415,VEN,15,San Antonio De Los Altos,201.242.149.122,excitement,hello fans waiting long signs game update page every day s‚Ä¶,surprise,
2693461257,3/20/2020 13:40:02,5532349765,3/20/2020 13:31:05,false,feca,1.0,45241997,RUS,"","",185.173.93.155,pleasant,Was looking forward free dominoes pizza lunch today go practice ... told ‚Äò round ‚Äô ‚Ä¶,surprise,
2693461257,3/20/2020 14:00:20,5532380542,3/20/2020 13:58:07,false,clixsense,0.6,45093697,RUS,48,Moscow,109.248.222.45,surprise,Was looking forward free dominoes pizza lunch today go practice ... told ‚Äò round ‚Äô ‚Ä¶,surprise,
2693461257,3/20/2020 14:59:54,5532476490,3/20/2020 14:58:26,false,feca,0.4048,45188227,RUS,54,Omsk,81.23.204.106,happy,Was looking forward free dominoes pizza lunch today go practice ... told ‚Äò round ‚Äô ‚Ä¶,surprise,
2693461258,3/20/2020 13:38:02,5532346806,3/20/2020 13:36:53,false,feca,0.6,45438101,RUS,61,Rostov-na-donu,178.155.5.49,angry,Tell Trump n't fight WAR state state If war whole‚Ä¶,surprise,
2693461258,3/20/2020 13:40:07,5532349876,3/20/2020 13:27:54,false,feca,0.6,45597733,USA,IL,Chicago,23.81.152.163,angry,Tell Trump n't fight WAR state state If war whole‚Ä¶,surprise,
2693461258,3/20/2020 15:12:08,5532496913,3/20/2020 15:10:56,false,neodev,0.55,40993983,UKR,14,Zakotne,188.190.221.47,angry,Tell Trump n't fight WAR state state If war whole‚Ä¶,surprise,
2693461259,3/20/2020 13:31:07,5532336719,3/20/2020 13:28:04,false,neodev,1.0,44311593,VEN,25,Caracas,190.142.253.189,fear,Pic NOT colleague Posted physician group Feeling beyond concern More ‚Ä¶,surprise,
2693461259,3/20/2020 13:59:24,5532378791,3/20/2020 13:58:09,false,feca,0.5,45486427,VEN,25,Caracas,201.209.224.79,surprise,Pic NOT colleague Posted physician group Feeling beyond concern More ‚Ä¶,surprise,
2693461259,3/20/2020 15:31:20,5532529974,3/20/2020 15:28:57,false,feca,0.5333,45456415,VEN,15,San Antonio De Los Altos,201.242.149.122,fear,Pic NOT colleague Posted physician group Feeling beyond concern More ‚Ä¶,surprise,
2693461260,3/20/2020 13:28:44,5532333466,3/20/2020 13:27:54,false,feca,1.0,45531504,USA,VA,Manassas,23.105.1.181,angry,Jealous Trump family much,surprise,
2693461260,3/20/2020 14:49:10,5532459476,3/20/2020 14:28:17,false,feca,0.6,45162973,SRB,00,Nis,94.228.224.199,angry,Jealous Trump family much,surprise,
2693461260,3/20/2020 15:03:09,5532481679,3/20/2020 14:58:26,false,neodev,0.5667,45215691,VEN,13,Barquisimeto,190.200.178.155,happy,Jealous Trump family much,surprise,
2693461261,3/20/2020 13:29:50,5532334873,3/20/2020 13:27:56,false,feca,0.75,45388947,EGY,11,Cairo,196.221.255.202,happy,You absolutely right ... I n't lost faith lost faith exchanges amp surprised bruta‚Ä¶,surprise,
2693461261,3/20/2020 14:02:26,5532385249,3/20/2020 13:58:09,false,feca,0.6667,45256649,RUS,48,Moscow,109.248.222.37,surprise,You absolutely right ... I n't lost faith lost faith exchanges amp surprised bruta‚Ä¶,surprise,
2693461261,3/20/2020 14:59:58,5532476644,3/20/2020 14:58:27,false,feca,0.5,45158697,RUS,67,Saratov,176.15.126.137,happy,You absolutely right ... I n't lost faith lost faith exchanges amp surprised bruta‚Ä¶,surprise,
2693461262,3/20/2020 14:07:51,5532397376,3/20/2020 14:06:38,false,feca,0.7,45182297,BIH,02,Prijedor,134.90.134.235,pleasant,Guaranteed money telling money stay home,surprise,
2693461262,3/20/2020 14:09:48,5532400618,3/20/2020 14:08:17,false,clixsense,0.5,45053499,RUS,48,Moscow,109.248.222.155,happy,Guaranteed money telling money stay home,surprise,
2693461263,3/20/2020 13:35:24,5532342755,3/20/2020 13:28:01,false,feca,0.4048,45188227,RUS,54,Omsk,81.23.204.106,pleasant,Hey least ‚Äô profiting via insider trading like actual members a‚Ä¶,surprise,
2693461263,3/20/2020 13:47:27,5532360889,3/20/2020 13:28:02,false,feca,0.8,45188060,RUS,61,Rostov-na-donu,178.155.5.49,pleasant,Hey least ‚Äô profiting via insider trading like actual members a‚Ä¶,surprise,
2693461263,3/20/2020 13:59:29,5532378964,3/20/2020 13:58:07,false,feca,0.6,45499788,USA,AZ,Chandler,23.83.129.202,surprise,Hey least ‚Äô profiting via insider trading like actual members a‚Ä¶,surprise,
2693461264,3/20/2020 13:38:02,5532346808,3/20/2020 13:36:53,false,feca,0.6,45438101,RUS,61,Rostov-na-donu,178.155.5.49,angry,people really problem opposite gender app..,surprise,
2693461264,3/20/2020 13:40:07,5532349873,3/20/2020 13:27:54,false,feca,0.6,45597733,USA,IL,Chicago,23.81.152.163,excitement,people really problem opposite gender app..,surprise,
2693461264,3/20/2020 14:49:10,5532459470,3/20/2020 14:28:17,false,feca,0.6,45162973,SRB,00,Nis,94.228.224.199,fear,people really problem opposite gender app..,surprise,
2693461265,3/20/2020 13:28:56,5532333725,3/20/2020 13:27:56,false,clixsense,1.0,45663022,USA,TX,Dallas,96.44.189.50,angry,Americans apparently even dumber I thought,surprise,
2693461265,3/20/2020 13:33:40,5532340143,3/20/2020 13:28:49,false,feca,0.8,45233254,VEN,14,M√©rida,200.82.210.175,angry,Americans apparently even dumber I thought,surprise,
2693461265,3/20/2020 14:58:58,5532474862,3/20/2020 14:58:27,false,feca,0.3333,45699544,USA,VA,Manassas,23.105.0.118,pleasant,Americans apparently even dumber I thought,surprise,
2693461266,3/20/2020 13:28:30,5532333104,3/20/2020 13:27:57,false,neodev,0.8,45604336,USA,FL,Saint Petersburg,72.187.235.254,fear,feelin cos miss hobi ü•∫,surprise,
2693461266,3/20/2020 13:29:05,5532333919,3/20/2020 13:27:56,false,feca,0.7333,45446923,USA,VA,Manassas,172.241.236.126,angry,feelin cos miss hobi ü•∫,surprise,
2693461266,3/20/2020 13:30:20,5532335645,3/20/2020 13:28:29,false,feca,0.7667,45315255,VEN,26,Catia La Mar,186.14.199.192,pleasant,feelin cos miss hobi ü•∫,surprise,
2693461267,3/20/2020 13:48:10,5532361859,3/20/2020 13:27:57,false,clixsense,0.6,45093697,RUS,48,Moscow,109.248.222.45,pleasant,either tried one ...,surprise,
2693461267,3/20/2020 14:07:56,5532397572,3/20/2020 13:58:06,false,clixsense,0.5333,44423530,VEN,15,Santa Teresa,200.93.118.39,pleasant,either tried one ...,surprise,
2693461267,3/20/2020 15:00:23,5532477282,3/20/2020 14:58:26,false,feca,0.5833,45649620,USA,AZ,Chandler,23.83.129.201,pleasant,either tried one ...,surprise,
2693461268,3/20/2020 13:30:56,5532336570,3/20/2020 13:28:10,false,clixsense,1.0,44986011,RUS,53,Novosibirsk,109.237.109.145,fear,They ‚Äô brainwashed think ‚Äô handled well,surprise,
2693461268,3/20/2020 14:10:00,5532400894,3/20/2020 13:58:15,false,feca,0.4667,45506112,VEN,19,Altagracia,186.89.204.112,happy,They ‚Äô brainwashed think ‚Äô handled well,surprise,
2693461268,3/20/2020 14:29:20,5532429873,3/20/2020 14:28:19,false,feca,0.4048,45188227,RUS,54,Omsk,81.23.204.106,angry,They ‚Äô brainwashed think ‚Äô handled well,surprise,
2693461269,3/20/2020 13:28:44,5532333460,3/20/2020 13:27:54,false,feca,1.0,45531504,USA,VA,Manassas,23.105.1.181,fear,Always said dont love anyone anymore decent thing tell deserve know star‚Ä¶,surprise,
2693461269,3/20/2020 14:30:31,5532431479,3/20/2020 14:28:17,false,clixsense,0.5333,43723980,SRB,00,Obrenovac,212.69.30.49,angry,Always said dont love anyone anymore decent thing tell deserve know star‚Ä¶,surprise,
2693461269,3/20/2020 15:12:08,5532496907,3/20/2020 15:10:56,false,neodev,0.55,40993983,UKR,14,Zakotne,188.190.221.47,happy,Always said dont love anyone anymore decent thing tell deserve know star‚Ä¶,surprise,
2693461270,3/20/2020 13:35:24,5532342757,3/20/2020 13:28:01,false,feca,0.4048,45188227,RUS,54,Omsk,81.23.204.106,angry,responsible pnr issued I approach air india washed h‚Ä¶,surprise,
2693461270,3/20/2020 13:59:29,5532378968,3/20/2020 13:58:07,false,feca,0.6,45499788,USA,AZ,Chandler,23.83.129.202,fear,responsible pnr issued I approach air india washed h‚Ä¶,surprise,
2693461270,3/20/2020 14:01:07,5532382246,3/20/2020 13:58:06,false,neodev,0.7333,44577724,PER,08,Cusco,179.6.34.25,surprise,responsible pnr issued I approach air india washed h‚Ä¶,surprise,
2693461271,3/20/2020 13:28:56,5532333722,3/20/2020 13:27:56,false,clixsense,1.0,45663022,USA,TX,Dallas,96.44.189.50,fear,This coming people could withstand working two years lose thing telling hard hit peopl‚Ä¶,surprise,
2693461271,3/20/2020 13:33:40,5532340141,3/20/2020 13:28:49,false,feca,0.8,45233254,VEN,14,M√©rida,200.82.210.175,fear,This coming people could withstand working two years lose thing telling hard hit peopl‚Ä¶,surprise,
2693461271,3/20/2020 14:58:58,5532474864,3/20/2020 14:58:27,false,feca,0.3333,45699544,USA,VA,Manassas,23.105.0.118,pleasant,This coming people could withstand working two years lose thing telling hard hit peopl‚Ä¶,surprise,
2693461272,3/20/2020 13:29:50,5532334875,3/20/2020 13:27:56,false,feca,0.75,45388947,EGY,11,Cairo,196.221.255.202,pleasant,Listen Be Gone Tigga Fey ‚Ä¶,surprise,
2693461272,3/20/2020 14:02:26,5532385240,3/20/2020 13:58:09,false,feca,0.6667,45256649,RUS,48,Moscow,109.248.222.37,pleasant,Listen Be Gone Tigga Fey ‚Ä¶,surprise,
2693461272,3/20/2020 14:29:38,5532430244,3/20/2020 14:28:18,false,neodev,0.55,40993983,UKR,14,Zakotne,188.190.221.47,pleasant,Listen Be Gone Tigga Fey ‚Ä¶,surprise,
2693461273,3/20/2020 13:30:56,5532336572,3/20/2020 13:28:10,false,clixsense,1.0,44986011,RUS,53,Novosibirsk,109.237.109.145,fear,Pic NOT colleague Posted physician group Feeling beyond concern More ‚Ä¶,fear,
2693461273,3/20/2020 13:37:16,5532345667,3/20/2020 13:29:55,false,feca,0.7667,45186536,RUS,53,Novosibirsk,109.237.110.158,angry,Pic NOT colleague Posted physician group Feeling beyond concern More ‚Ä¶,fear,
2693461273,3/20/2020 13:38:52,5532348088,3/20/2020 13:33:09,false,feca,0.6333,45242057,RUS,70,Budennovsk,109.168.189.244,fear,Pic NOT colleague Posted physician group Feeling beyond concern More ‚Ä¶,fear,
2693461274,3/20/2020 13:28:22,5532332861,3/20/2020 13:28:08,false,neodev,1.0,45705983,USA,NJ,Clifton,104.131.188.187,pleasant,There PLENTY I say PLENTY food amp provisions SUPPLY CHAIN supermarkets- reason empty shelve‚Ä¶,fear,
2693461274,3/20/2020 13:38:52,5532348090,3/20/2020 13:33:09,false,feca,0.6333,45242057,RUS,70,Budennovsk,109.168.189.244,fear,There PLENTY I say PLENTY food amp provisions SUPPLY CHAIN supermarkets- reason empty shelve‚Ä¶,fear,
2693461274,3/20/2020 14:10:00,5532400898,3/20/2020 13:58:15,false,feca,0.4667,45506112,VEN,19,Altagracia,186.89.204.112,fear,There PLENTY I say PLENTY food amp provisions SUPPLY CHAIN supermarkets- reason empty shelve‚Ä¶,fear,
2693461275,3/20/2020 13:38:02,5532346802,3/20/2020 13:36:53,false,feca,0.6,45438101,RUS,61,Rostov-na-donu,178.155.5.49,fear,Pic NOT colleague Posted physician group Feeling beyond concern More ‚Ä¶,fear,
2693461275,3/20/2020 13:40:07,5532349869,3/20/2020 13:27:54,false,feca,0.6,45597733,USA,IL,Chicago,23.81.152.163,excitement,Pic NOT colleague Posted physician group Feeling beyond concern More ‚Ä¶,fear,
2693461275,3/20/2020 14:49:10,5532459478,3/20/2020 14:28:17,false,feca,0.6,45162973,SRB,00,Nis,94.228.224.199,fear,Pic NOT colleague Posted physician group Feeling beyond concern More ‚Ä¶,fear,
2693461276,3/20/2020 13:31:07,5532336717,3/20/2020 13:28:04,false,neodev,1.0,44311593,VEN,25,Caracas,190.142.253.189,surprise,protests continue Friday prayers become focal point protests since üáÆüá≥ ‚Äô decision ‚Ä¶,fear,
2693461276,3/20/2020 13:59:10,5532378419,3/20/2020 13:58:07,false,feca,0.9,45162051,VEN,04,Maracay,201.208.105.110,angry,protests continue Friday prayers become focal point protests since üáÆüá≥ ‚Äô decision ‚Ä¶,fear,
2693461276,3/20/2020 14:01:04,5532382095,3/20/2020 13:59:53,false,feca,0.6667,45219214,RUS,70,Budennovsk,109.168.189.244,angry,protests continue Friday prayers become focal point protests since üáÆüá≥ ‚Äô decision ‚Ä¶,fear,
2693461277,3/20/2020 13:28:54,5532333691,3/20/2020 13:27:59,false,feca,0.8,45686939,USA,FL,Miami,38.132.125.50,angry,Bloody disgraceful Another business ignored,fear,
2693461277,3/20/2020 14:01:07,5532382239,3/20/2020 13:58:06,false,neodev,0.7333,44577724,PER,08,Cusco,179.6.34.25,angry,Bloody disgraceful Another business ignored,fear,
2693461277,3/20/2020 14:59:33,5532475853,3/20/2020 14:58:28,false,neodev,0.55,40993983,UKR,14,Zakotne,188.190.221.47,angry,Bloody disgraceful Another business ignored,fear,
2693461278,3/20/2020 13:28:54,5532333688,3/20/2020 13:27:59,false,feca,0.8,45686939,USA,FL,Miami,38.132.125.50,pleasant,The Epic Mental Framework You Need To Master Any Skill Defeat Fear Uncertainty Josh Kaufman‚Ä¶,fear,
2693461278,3/20/2020 13:29:13,5532334080,3/20/2020 13:28:00,false,feca,0.8,45601323,USA,NY,Brooklyn,206.217.139.201,surprise,The Epic Mental Framework You Need To Master Any Skill Defeat Fear Uncertainty Josh Kaufman‚Ä¶,fear,
2693461278,3/20/2020 14:29:20,5532429864,3/20/2020 14:28:19,false,feca,0.4048,45188227,RUS,54,Omsk,81.23.204.106,fear,The Epic Mental Framework You Need To Master Any Skill Defeat Fear Uncertainty Josh Kaufman‚Ä¶,fear,
2693461279,3/20/2020 13:31:45,5532337551,3/20/2020 13:27:55,false,feca,1.0,45602898,USA,NJ,Clifton,104.236.74.212,pleasant,David Icke -- The Truth Behind The Coronaviru‚Ä¶,fear,
2693461279,3/20/2020 13:37:53,5532346551,3/20/2020 13:27:55,false,feca,0.6,45500797,VEN,03,Arichuna,190.38.66.30,fear,David Icke -- The Truth Behind The Coronaviru‚Ä¶,fear,
2693461279,3/20/2020 14:59:58,5532476654,3/20/2020 14:58:27,false,feca,0.5,45158697,RUS,67,Saratov,176.15.126.137,surprise,David Icke -- The Truth Behind The Coronaviru‚Ä¶,fear,
2693461280,3/20/2020 13:31:07,5532336715,3/20/2020 13:28:04,false,neodev,1.0,44311593,VEN,25,Caracas,190.142.253.189,surprise,protests continue Friday prayers become focal point protests since üáÆüá≥ ‚Äô decisio‚Ä¶,fear,
2693461280,3/20/2020 14:09:10,5532399487,3/20/2020 14:03:26,false,feca,0.5667,45536000,RUS,48,Moscow,45.146.230.66,fear,protests continue Friday prayers become focal point protests since üáÆüá≥ ‚Äô decisio‚Ä¶,fear,
2693461280,3/20/2020 14:29:20,5532429870,3/20/2020 14:28:19,false,feca,0.4048,45188227,RUS,54,Omsk,81.23.204.106,angry,protests continue Friday prayers become focal point protests since üáÆüá≥ ‚Äô decisio‚Ä¶,fear,
2693461281,3/20/2020 13:59:10,5532378426,3/20/2020 13:58:07,false,feca,0.9,45162051,VEN,04,Maracay,201.208.105.110,excitement,EVACUATING PLANET EARTH ‚Ä¶,fear,
2693461281,3/20/2020 14:01:04,5532382092,3/20/2020 13:59:53,false,feca,0.6667,45219214,RUS,70,Budennovsk,109.168.189.244,fear,EVACUATING PLANET EARTH ‚Ä¶,fear,
2693461281,3/20/2020 14:04:56,5532391638,3/20/2020 13:58:08,false,feca,0.5833,45649620,USA,AZ,Chandler,23.83.129.201,surprise,EVACUATING PLANET EARTH ‚Ä¶,fear,
2693461282,3/20/2020 13:28:56,5532333739,3/20/2020 13:28:03,false,feca,1.0,45598522,USA,NY,New York,23.108.24.107,pleasant,EVACUATING PLANET EARTH ‚Ä¶,fear,
2693461282,3/20/2020 14:04:56,5532391623,3/20/2020 13:58:08,false,feca,0.5833,45649620,USA,AZ,Chandler,23.83.129.201,surprise,EVACUATING PLANET EARTH ‚Ä¶,fear,
2693461282,3/20/2020 14:10:18,5532401279,3/20/2020 13:58:06,false,feca,0.5333,45456415,VEN,15,Santa Teresa,200.93.118.39,fear,EVACUATING PLANET EARTH ‚Ä¶,fear,
2693461283,3/20/2020 13:29:45,5532334763,3/20/2020 13:27:55,false,feca,1.0,45541073,USA,VA,Manassas,172.241.239.208,fear,FOR YOUR PROTECTION LOCKDOWN FOR SAFET‚Ä¶,fear,
2693461283,3/20/2020 13:37:29,5532345986,3/20/2020 13:27:55,false,clixsense,0.7,45054305,UKR,03,Chernivtsi,176.120.43.230,pleasant,FOR YOUR PROTECTION LOCKDOWN FOR SAFET‚Ä¶,fear,
2693461283,3/20/2020 14:00:20,5532380544,3/20/2020 13:58:07,false,clixsense,0.6,45093697,RUS,48,Moscow,109.248.222.45,pleasant,FOR YOUR PROTECTION LOCKDOWN FOR SAFET‚Ä¶,fear,
2693461284,3/20/2020 13:40:02,5532349769,3/20/2020 13:31:05,false,feca,1.0,45241997,RUS,"","",185.173.93.155,pleasant,/10 Then added ultimate Alternating days‚Ä¶,fear,
2693461284,3/20/2020 13:51:50,5532367126,3/20/2020 13:27:57,false,feca,0.9,45636027,USA,NJ,Clifton,104.236.233.182,pleasant,/10 Then added ultimate Alternating days‚Ä¶,fear,
2693461284,3/20/2020 14:59:54,5532476469,3/20/2020 14:58:26,false,feca,0.4048,45188227,RUS,54,Omsk,81.23.204.106,surprise,/10 Then added ultimate Alternating days‚Ä¶,fear,
2693461285,3/20/2020 13:28:30,5532333106,3/20/2020 13:27:57,false,neodev,0.8,45604336,USA,FL,Saint Petersburg,72.187.235.254,fear,Attack fear today Want condition grow Find way make palms sweat heart race and‚Ä¶,fear,
2693461285,3/20/2020 13:29:05,5532333909,3/20/2020 13:27:56,false,feca,0.7333,45446923,USA,VA,Manassas,172.241.236.126,fear,Attack fear today Want condition grow Find way make palms sweat heart race and‚Ä¶,fear,
2693461285,3/20/2020 13:30:20,5532335639,3/20/2020 13:28:29,false,feca,0.7667,45315255,VEN,26,Catia La Mar,186.14.199.192,fear,Attack fear today Want condition grow Find way make palms sweat heart race and‚Ä¶,fear,
2693461286,3/20/2020 13:28:56,5532333723,3/20/2020 13:27:56,false,clixsense,1.0,45663022,USA,TX,Dallas,96.44.189.50,surprise,amp ‚Ä¶,fear,
2693461286,3/20/2020 13:33:40,5532340142,3/20/2020 13:28:49,false,feca,0.8,45233254,VEN,14,M√©rida,200.82.210.175,angry,amp ‚Ä¶,fear,
2693461286,3/20/2020 14:30:31,5532431491,3/20/2020 14:28:17,false,clixsense,0.5333,43723980,SRB,00,Obrenovac,212.69.30.49,excitement,amp ‚Ä¶,fear,
2693461287,3/20/2020 13:39:17,5532348710,3/20/2020 13:35:08,false,feca,0.75,45194293,RUS,53,Novosibirsk,109.237.110.158,angry,make stupid make grease allows society 's wheels run a‚Ä¶,fear,
2693461287,3/20/2020 14:02:48,5532385991,3/20/2020 13:58:24,false,feca,1.0,45613274,MDA,57,Chisinau,92.115.85.203,angry,make stupid make grease allows society 's wheels run a‚Ä¶,fear,
2693461287,3/20/2020 14:07:07,5532396095,3/20/2020 13:58:06,false,clixsense,0.6,44857692,SRB,00,Kragujevac,178.149.18.200,angry,make stupid make grease allows society 's wheels run a‚Ä¶,fear,
2693461288,3/20/2020 13:30:14,5532335486,3/20/2020 13:29:54,false,neodev,1.0,43765666,VEN,07,Valencia,201.243.201.113,pleasant,‚Äú Too many us living dreams living fears. ‚Äù Les Brown Seeing talented people give i‚Ä¶,fear,
2693461288,3/20/2020 13:37:16,5532345675,3/20/2020 13:29:55,false,feca,0.7667,45186536,RUS,53,Novosibirsk,109.237.110.158,excitement,‚Äú Too many us living dreams living fears. ‚Äù Les Brown Seeing talented people give i‚Ä¶,fear,
2693461288,3/20/2020 15:31:20,5532529961,3/20/2020 15:28:57,false,feca,0.5333,45456415,VEN,15,San Antonio De Los Altos,201.242.149.122,fear,‚Äú Too many us living dreams living fears. ‚Äù Les Brown Seeing talented people give i‚Ä¶,fear,
2693461289,3/20/2020 13:28:56,5532333735,3/20/2020 13:28:03,false,feca,1.0,45598522,USA,NY,New York,23.108.24.107,fear,Okay today onward I 'm gon na call office depressing chamber I lit worked alone since last year My colleagu‚Ä¶,fear,
2693461289,3/20/2020 14:06:10,5532394321,3/20/2020 13:58:07,false,feca,0.6667,45353204,MDA,60,Balti,109.185.185.184,angry,Okay today onward I 'm gon na call office depressing chamber I lit worked alone since last year My colleagu‚Ä¶,fear,
2693461289,3/20/2020 14:10:18,5532401286,3/20/2020 13:58:06,false,feca,0.5333,45456415,VEN,15,Santa Teresa,200.93.118.39,angry,Okay today onward I 'm gon na call office depressing chamber I lit worked alone since last year My colleagu‚Ä¶,fear,
2693461290,3/20/2020 13:47:27,5532360888,3/20/2020 13:28:02,false,feca,0.8,45188060,RUS,61,Rostov-na-donu,178.155.5.49,surprise,Which Service Get Steps CK CS‚Ä¶,fear,
2693461290,3/20/2020 13:59:29,5532378980,3/20/2020 13:58:07,false,feca,0.6,45499788,USA,AZ,Chandler,23.83.129.202,surprise,Which Service Get Steps CK CS‚Ä¶,fear,
2693461290,3/20/2020 14:06:10,5532394324,3/20/2020 13:58:07,false,feca,0.6667,45353204,MDA,60,Balti,109.185.185.184,surprise,Which Service Get Steps CK CS‚Ä¶,fear,
2693461291,3/20/2020 14:07:51,5532397370,3/20/2020 14:06:38,false,feca,0.7,45182297,BIH,02,Prijedor,134.90.134.235,surprise,Burgum urges 'facts briefing business civic leaders Mar :26 AM ET,fear,
2693461291,3/20/2020 14:18:10,5532413317,3/20/2020 14:09:35,false,feca,0.6667,45256649,RUS,48,Moscow,109.248.222.37,angry,Burgum urges 'facts briefing business civic leaders Mar :26 AM ET,fear,
2693461292,3/20/2020 13:28:16,5532332696,3/20/2020 13:27:54,false,neodev,0.5667,45215691,VEN,13,Barquisimeto,190.200.178.155,angry,Lets make another greedy person twitter famous ü§¨ü§¨ Taking advantage people ht‚Ä¶,fear,
2693461292,3/20/2020 13:28:54,5532333692,3/20/2020 13:27:56,false,neodev,0.6667,45351611,USA,NJ,Clifton,104.131.176.234,angry,Lets make another greedy person twitter famous ü§¨ü§¨ Taking advantage people ht‚Ä¶,fear,
2693461292,3/20/2020 13:32:40,5532338733,3/20/2020 13:27:54,false,feca,0.6667,45155696,BIH,02,Doboj,62.68.111.6,angry,Lets make another greedy person twitter famous ü§¨ü§¨ Taking advantage people ht‚Ä¶,fear,
