id,created_at,source,original_text,clean_text,sentiment,polarity,subjectivity,lang,favorite_count,retweet_count,original_author,possibly_sensitive,hashtags,user_mentions,place,place_coord_boundaries
1240981727763365891,Fri Mar 20 12:41:14 +0000 2020,"<a href=""http://twitter.com/download/android"" rel=""nofollow"">Twitter for Android</a>",@SheikhQaiserAk1 Ap Great hn . #nice ‚úå,Ap Great hn,"Sentiment(polarity=0.8, subjectivity=0.75)",0.8,0.75,en,1,0,Khushbufatima4,,nice,SheikhQaiserAk1,,
1240981280319291393,Fri Mar 20 12:39:28 +0000 2020,"<a href=""http://twitter.com/download/iphone"" rel=""nofollow"">Twitter for iPhone</a>","Seems the appropriate song ‚ò£Ô∏è

@SmashingPumpkin #Nice https://t.co/Cf4b2XI8eS",Seems appropriate song Ô∏è,"Sentiment(polarity=0.5, subjectivity=0.5)",0.5,0.5,en,0,0,peekaso,False,Nice,SmashingPumpkin,"Detroit, Michigan","[[-83.0970734, 42.712762], [-82.977233, 42.712762], [-82.977233, 42.786776], [-83.0970734, 42.786776]]"
1240980714482524162,Fri Mar 20 12:37:13 +0000 2020,"<a href=""http://twitter.com/download/iphone"" rel=""nofollow"">Twitter for iPhone</a>","France starting curfews and probably use police or army to keep people home, because #Nice population is not caring‚Ä¶ https://t.co/jyQTaiS9oG",France starting curfews probably use police army keep people home population caring‚Ä¶,"Sentiment(polarity=0.0, subjectivity=0.1)",0.0,0.1,en,0,0,EyesOnTSX,,Nice,,,
1240980503148269568,Fri Mar 20 12:36:22 +0000 2020,"<a href=""http://twitter.com/download/iphone"" rel=""nofollow"">Twitter for iPhone</a>","RT @OutletComics: BOINK! Comic 2 of 3.‚Å£‚Å£
‚Å£
Abbot takes advantage of an irresistible opportunity.‚Å£
‚Å£
#goingforbroke #gfbcomics #abbotandozie‚Ä¶",BOINK Comic .‚Å£‚Å£ ‚Å£ Abbot takes advantage irresistible opportunity.‚Å£ ‚Å£ ‚Ä¶,"Sentiment(polarity=0.25, subjectivity=0.5)",0.25,0.5,en,0,1,ericopolis,,"goingforbroke, gfbcomics, abbotandozie",OutletComics,"Chicago, IL",
1240980431752892418,Fri Mar 20 12:36:05 +0000 2020,"<a href=""http://twitter.com/download/iphone"" rel=""nofollow"">Twitter for iPhone</a>","BOINK! Comic 2 of 3.‚Å£‚Å£
‚Å£
Abbot takes advantage of an irresistible opportunity.‚Å£
‚Å£
#goingforbroke #gfbcomics‚Ä¶ https://t.co/dyVrcLLy6o",BOINK Comic .‚Å£‚Å£ ‚Å£ Abbot takes advantage irresistible opportunity.‚Å£ ‚Å£ ‚Ä¶,"Sentiment(polarity=0.25, subjectivity=0.5)",0.25,0.5,en,0,1,OutletComics,False,"goingforbroke, gfbcomics",,"Chicago, IL",
1240979478341394432,Fri Mar 20 12:32:18 +0000 2020,"<a href=""http://twitter.com/download/iphone"" rel=""nofollow"">Twitter for iPhone</a>","RT @clone05m79: To thanks all the medical people working like hell all day to save us all in Nice.
#CotedAzurFrance #Nice #COVID19 #COVID20‚Ä¶",To thanks medical people working like hell day save us Nice ‚Ä¶,"Sentiment(polarity=0.26666666666666666, subjectivity=0.39999999999999997)",0.26666666666666666,0.39999999999999997,en,0,2,LavergneEugenie,,"CotedAzurFrance, Nice, COVID19",clone05m79,"Nice, France",
1240979474553999361,Fri Mar 20 12:32:17 +0000 2020,"<a href=""http://twitter.com/download/android"" rel=""nofollow"">Twitter for Android</a>","RT @BBCChanArt: September ManorStories Request
Requested by Martin Moore, featuring Nora Valkyrie &amp; Lie Ren form #RWBY.

#LieRen #NoraValky‚Ä¶",September ManorStories Request Requested Martin Moore featuring Nora Valkyrie amp Lie Ren form ‚Ä¶,"Sentiment(polarity=0.0, subjectivity=0.0)",0.0,0.0,en,0,258,aqua_phoric,,"RWBY, LieRen",BBCChanArt,,
1240979470988836864,Fri Mar 20 12:32:16 +0000 2020,"<a href=""http://twitter.com/download/android"" rel=""nofollow"">Twitter for Android</a>",GET YOUR #FREE #GAME https://t.co/fPgufk2P95 #stayhome - have fun! Play #Murdermysterygame on #facetime #Giveaway‚Ä¶ https://t.co/QS2uFQakpp,GET YOUR fun Play ‚Ä¶,"Sentiment(polarity=0.3, subjectivity=0.2)",0.3,0.2,en,0,0,eveningofmurder,False,"FREE, GAME, stayhome, Murdermysterygame, facetime, Giveaway",,,
1240979422850756609,Fri Mar 20 12:32:05 +0000 2020,"<a href=""https://mobile.twitter.com"" rel=""nofollow"">Twitter Web App</a>","@Romston Delighted @romston. You stay well and keep up the #cheerful #tweets, I for one appreciate them greatly!",Delighted You stay well keep I one appreciate greatly,"Sentiment(polarity=0.75, subjectivity=0.725)",0.75,0.725,en,0,0,OrientalAdvent2,,"cheerful, tweets","Romston, Romston","London, England",
1240978445175316480,Fri Mar 20 12:28:12 +0000 2020,"<a href=""http://twitter.com/download/android"" rel=""nofollow"">Twitter for Android</a>","RT @machlooper: How about a #nice #tweet instead of a #COVID19 one. In honour of @starwars #RiseofSkywalker this week, a shot I took while‚Ä¶",How instead one In honour week shot I took while‚Ä¶,"Sentiment(polarity=0.0, subjectivity=0.0)",0.0,0.0,en,0,2,aidan_clinch,,"nice, tweet, COVID19, RiseofSkywalker","machlooper, starwars","Galway, Ireland",
1240978433934610432,Fri Mar 20 12:28:09 +0000 2020,"<a href=""https://www.rssground.com"" rel=""nofollow"">RSS Ground</a>","All our dogs playing|#nice family ya got there|Lucan,Yoda,and bruno https://t.co/WRd5vqLhZI",All dogs playing| family ya got there|Lucan Yoda bruno,"Sentiment(polarity=0.0, subjectivity=0.0)",0.0,0.0,en,0,0,FunnyDogsVideos,False,nice,,,
1240977465939578880,Fri Mar 20 12:24:18 +0000 2020,"<a href=""http://twitter.com/#!/download/ipad"" rel=""nofollow"">Twitter for iPad</a>","RT @CllrBSilvester: It has been in use for over 15 years. It is an existing approved drug.Why do #NICE have to test it again?
In Italy 60 y‚Ä¶",It use years It existing approved drug.Why test In Italy y‚Ä¶,"Sentiment(polarity=0.0, subjectivity=0.0)",0.0,0.0,en,0,6,cjmfrom33,,NICE,CllrBSilvester,,
1240977184975728641,Fri Mar 20 12:23:11 +0000 2020,"<a href=""http://twitter.com/download/android"" rel=""nofollow"">Twitter for Android</a>",RT @CDubenskij_RT: A curfew has been announced un #Nice #France the mayor says no one has a reason to go out after 8pm except staff authori‚Ä¶,A curfew announced un mayor says one reason go pm except staff authori‚Ä¶,"Sentiment(polarity=0.0, subjectivity=0.0)",0.0,0.0,en,0,2,RoyCalley,,"Nice, France",CDubenskij_RT,"Nice, France ",
1240975303834505218,Fri Mar 20 12:15:43 +0000 2020,"<a href=""https://mobile.twitter.com"" rel=""nofollow"">Twitter Web App</a>","@WoooooTheReds While that's a #nice thought, it's definitely closer to 95%.",While 's thought 's definitely closer,"Sentiment(polarity=0.0, subjectivity=0.5)",0.0,0.5,en,0,0,SultanOfShame,,nice,WoooooTheReds,,
1240974478655524864,Fri Mar 20 12:12:26 +0000 2020,"<a href=""https://mobile.twitter.com"" rel=""nofollow"">Twitter Web App</a>",#Today @Bandcamp are supporting #independentartists by not taking any commission on #download sales which is actual‚Ä¶ https://t.co/3GRoDZJrYO,supporting taking commission sales actual‚Ä¶,"Sentiment(polarity=0.25, subjectivity=0.25)",0.25,0.25,en,1,0,MalcolmMacWatt,False,"Today, independentartists, download",Bandcamp,"London, England",
1240974434003038208,Fri Mar 20 12:12:15 +0000 2020,"<a href=""http://twitter.com/download/android"" rel=""nofollow"">Twitter for Android</a>",Since my financial emergency plan is to sell all these games for $8.69 #nice I must demand that @GameStop stores be‚Ä¶ https://t.co/wGrlu3qGRN,Since financial emergency plan sell games 8.69 I must demand stores be‚Ä¶,"Sentiment(polarity=0.0, subjectivity=0.0)",0.0,0.0,en,1,0,doozerblake,False,nice,GameStop,Right behind you,
1240973717901017091,Fri Mar 20 12:09:25 +0000 2020,"<a href=""http://twitter.com/download/android"" rel=""nofollow"">Twitter for Android</a>","That's #Nice of you, Cher.. üíØ #Q #MrC https://t.co/85eoyfJVY0",That 's Cher..,"Sentiment(polarity=0.0, subjectivity=0.0)",0.0,0.0,en,0,1,Alec_M_Currier,False,"Nice, Q, MrC",,With SCOTUS,
1240973014855974913,Fri Mar 20 12:06:37 +0000 2020,"<a href=""http://twitter.com"" rel=""nofollow"">Twitter Web Client</a>","Not all heroes wear capes
 https://t.co/esTX5FqKWz

#twitch #twitter #video #clip #stream #streamer #saviour #hero‚Ä¶ https://t.co/cjwBVx9xCD",Not heroes wear capes ‚Ä¶,"Sentiment(polarity=0.0, subjectivity=0.0)",0.0,0.0,en,1,0,ashupirateking,False,"twitch, twitter, video, clip, stream, streamer, saviour, hero",,,
1240972875185754115,Fri Mar 20 12:06:04 +0000 2020,"<a href=""http://twitter.com/download/android"" rel=""nofollow"">Twitter for Android</a>",RT @CDubenskij_RT: A curfew has been announced un #Nice #France the mayor says no one has a reason to go out after 8pm except staff authori‚Ä¶,A curfew announced un mayor says one reason go pm except staff authori‚Ä¶,"Sentiment(polarity=0.0, subjectivity=0.0)",0.0,0.0,en,0,2,lucas_rtfrance,,"Nice, France",CDubenskij_RT,"Paris, France",
1240972599481507840,Fri Mar 20 12:04:58 +0000 2020,"<a href=""http://twitter.com/download/iphone"" rel=""nofollow"">Twitter for iPhone</a>",A curfew has been announced un #Nice #France the mayor says no one has a reason to go out after 8pm except staff au‚Ä¶ https://t.co/3mOY4P52Zi,A curfew announced un mayor says one reason go pm except staff au‚Ä¶,"Sentiment(polarity=0.0, subjectivity=0.0)",0.0,0.0,en,1,2,CDubenskij_RT,,"Nice, France",,Planet Earth,
1240972533765046273,Fri Mar 20 12:04:42 +0000 2020,"<a href=""http://twitter.com"" rel=""nofollow"">Twitter Web Client</a>","One hour #Skype #Conference #Call to stay #Positive #Fresh #Happy #Cheerful. I'll listen, chat, opine and provide m‚Ä¶ https://t.co/kUsqwAuyQl",One hour stay I 'll listen chat opine provide m‚Ä¶,"Sentiment(polarity=0.0, subjectivity=0.0)",0.0,0.0,en,0,0,deveshprabhu,False,"Skype, Conference, Call, Positive, Fresh, Happy, Cheerful",,"Coimbatore, Tamilnadu, India",
1240971746293035008,Fri Mar 20 12:01:35 +0000 2020,"<a href=""http://twitter.com/download/iphone"" rel=""nofollow"">Twitter for iPhone</a>",#Nice will be imposing a curfew as from this evening 8 PM,imposing curfew evening PM,"Sentiment(polarity=0.0, subjectivity=0.0)",0.0,0.0,en,0,0,GeoJery,,Nice,,ÿßÿ±ÿ∂ ÿßŸÑÿ≠ÿ±Ÿäÿ© ÿßŸÜ ÿ¥ÿßÿ°ÿßŸÑŸÑŸá,
1240971686750703616,Fri Mar 20 12:01:20 +0000 2020,"<a href=""https://ho.com"" rel=""nofollow"">auto is the only way it can be </a>","RT @Capturetp: A year of vetting with the military, @Aries_Security opened our #SaaS solution. Added new features like: #NICE, SSO, LMS &amp; c‚Ä¶",A year vetting military opened solution Added new features like SSO LMS amp c‚Ä¶,"Sentiment(polarity=0.018181818181818174, subjectivity=0.2772727272727273)",0.018181818181818174,0.2772727272727273,en,0,2,sectest9,,"SaaS, NICE","Capturetp, Aries_Security","Hyderabad, India",
1240971669042352131,Fri Mar 20 12:01:16 +0000 2020,"<a href=""https://mobile.twitter.com"" rel=""nofollow"">Twitter Web App</a>","RT @CllrBSilvester: It has been in use for over 15 years. It is an existing approved drug.Why do #NICE have to test it again?
In Italy 60 y‚Ä¶",It use years It existing approved drug.Why test In Italy y‚Ä¶,"Sentiment(polarity=0.0, subjectivity=0.0)",0.0,0.0,en,0,6,jojojoheeley,,NICE,CllrBSilvester,United Kingdom,
1240971625497067520,Fri Mar 20 12:01:06 +0000 2020,"<a href=""https://homeinc.com"" rel=""nofollow"">forRetweeting</a>","RT @Capturetp: A year of vetting with the military, @Aries_Security opened our #SaaS solution. Added new features like: #NICE, SSO, LMS &amp; c‚Ä¶",A year vetting military opened solution Added new features like SSO LMS amp c‚Ä¶,"Sentiment(polarity=0.018181818181818174, subjectivity=0.2772727272727273)",0.018181818181818174,0.2772727272727273,en,0,2,CyberSecurityN8,,"SaaS, NICE","Capturetp, Aries_Security",,
1240971599681118208,Fri Mar 20 12:01:00 +0000 2020,"<a href=""https://www.hootsuite.com"" rel=""nofollow"">Hootsuite Inc.</a>","A year of vetting with the military, @Aries_Security opened our #SaaS solution. Added new features like: #NICE, SSO‚Ä¶ https://t.co/MsfxdFDmx1",A year vetting military opened solution Added new features like SSO‚Ä¶,"Sentiment(polarity=0.018181818181818174, subjectivity=0.2772727272727273)",0.018181818181818174,0.2772727272727273,en,0,2,Capturetp,False,"SaaS, NICE",Aries_Security,,
1240971348463079425,Fri Mar 20 12:00:00 +0000 2020,"<a href=""https://ads-api.twitter.com"" rel=""nofollow"">Twitter for Advertisers</a>","Highs for today. .      Checkout  your Temps and Weather at         https://t.co/HNLPnbqhEd          
#wx #weather‚Ä¶ https://t.co/2UGFNpNdVO",Highs today Checkout Temps Weather ‚Ä¶,"Sentiment(polarity=0.0, subjectivity=0.0)",0.0,0.0,en,0,0,livewxradar,False,"wx, weather",,USA,
1240969317635837958,Fri Mar 20 11:51:56 +0000 2020,"<a href=""http://twitter.com/#!/download/ipad"" rel=""nofollow"">Twitter for iPad</a>","RT @CllrBSilvester: It has been in use for over 15 years. It is an existing approved drug.Why do #NICE have to test it again?
In Italy 60 y‚Ä¶",It use years It existing approved drug.Why test In Italy y‚Ä¶,"Sentiment(polarity=0.0, subjectivity=0.0)",0.0,0.0,en,0,6,TonyLee05102102,,NICE,CllrBSilvester,"England, United Kingdom",
1240969191869550592,Fri Mar 20 11:51:26 +0000 2020,"<a href=""https://mobile.twitter.com"" rel=""nofollow"">Twitter Web App</a>","https://t.co/Q3ZDVG5sna 
T-Shirt with nice girl
#T_Shirt #girl #nice",T-Shirt nice girl,"Sentiment(polarity=0.6, subjectivity=1.0)",0.6,1.0,en,0,0,HellSmith,False,"T_Shirt, girl, nice",,,
1240968506797146112,Fri Mar 20 11:48:42 +0000 2020,"<a href=""https://mobile.twitter.com"" rel=""nofollow"">Twitter Web App</a>",@iHrithik is #good #dance and #nice #dress #lovely #dance step https://t.co/fDGviUWUbA,step,"Sentiment(polarity=0.0, subjectivity=0.0)",0.0,0.0,en,1,0,sulemantariq99,False,"good, dance, nice, dress, lovely, dance",iHrithik,"Rawalpindi, Pakistan",
1240967277635350530,Fri Mar 20 11:43:49 +0000 2020,"<a href=""http://instagram.com"" rel=""nofollow"">Instagram</a>",A spiders masterpiece.  #web #spiderweb #spider #outdoors #art #artwork #hiking #hike #explorepage #explore‚Ä¶ https://t.co/8sCgOHQOix,A spiders masterpiece ‚Ä¶,"Sentiment(polarity=0.0, subjectivity=0.0)",0.0,0.0,en,0,0,DennisHazelwood,False,"web, spiderweb, spider, outdoors, art, artwork, hiking, hike, explorepage, explore",,"Carpentersville, IL",
1240967109049569281,Fri Mar 20 11:43:09 +0000 2020,"<a href=""http://twitter.com"" rel=""nofollow"">Twitter Web Client</a>",Bob Marley - Don't worry be Happy https://t.co/2zbApQIoSW via @YouTube #nice for #InternationalDayofHappiness,Bob Marley Do n't worry Happy via,"Sentiment(polarity=0.8, subjectivity=1.0)",0.8,1.0,en,0,0,MarcusVegetable,False,"nice, InternationalDayofHappiness",YouTube,world,
1240965533996060672,Fri Mar 20 11:36:53 +0000 2020,"<a href=""https://mobile.twitter.com"" rel=""nofollow"">Twitter Web App</a>","RT @OrientalAdvent2: Good day #tweeters. Above all, let's keep it #cheerful, this is a trying time for all of us. How about an uplifiting p‚Ä¶",Good day Above let 's keep trying time us How uplifiting p‚Ä¶,"Sentiment(polarity=0.35, subjectivity=0.35000000000000003)",0.35,0.35000000000000003,en,0,28,OrientalAdvent2,,"tweeters, cheerful",OrientalAdvent2,"London, England",
1240965182710411265,Fri Mar 20 11:35:30 +0000 2020,"<a href=""http://mvilla.it/fenix"" rel=""nofollow"">Fenix 2</a>","Filming #CustomClips 

Email me at sexyscarletvixen@gmail.com to reserve your spot and get your own personal‚Ä¶ https://t.co/8Uw5e8FxuC",Filming Email sexyscarletvixen.com reserve spot get personal‚Ä¶,"Sentiment(polarity=0.0, subjectivity=0.0)",0.0,0.0,en,1,0,Scarlet_Vixen,False,CustomClips,,USA,
1240964266506813440,Fri Mar 20 11:31:51 +0000 2020,"<a href=""https://mobile.twitter.com"" rel=""nofollow"">Twitter Web App</a>",@sanaak21 is #Nice #Vidoe and #sweet #smile https://t.co/bswtKw7xuZ,,"Sentiment(polarity=0.0, subjectivity=0.0)",0.0,0.0,en,1,0,sulemantariq99,False,"Nice, Vidoe, sweet, smile",sanaak21,"Rawalpindi, Pakistan",
1240963818810937345,Fri Mar 20 11:30:05 +0000 2020,"<a href=""http://instagram.com"" rel=""nofollow"">Instagram</a>","THIS one‚Äôs pretty üíêüå∑ü•∞
.
.
.
#prettyflowers #thailand #kohlanta #hotel #flowers #colours #colourful #flowerdesign‚Ä¶ https://t.co/jvqxkw2lHK",THIS one ‚Äô pretty ü•∞ ‚Ä¶,"Sentiment(polarity=0.25, subjectivity=1.0)",0.25,1.0,en,0,0,Impagatchi,False,"prettyflowers, thailand, kohlanta, hotel, flowers, colours, colourful, flowerdesign",,"London, England",
1240961289439965184,Fri Mar 20 11:20:02 +0000 2020,"<a href=""http://twitter.com/download/iphone"" rel=""nofollow"">Twitter for iPhone</a>",RT @soniacolpo: @Keith1Chill @glasgow_bruce @mrtom101 @1LM5QmlMvMo4l8x @JeffySeahawk @Sari_Friends @0117shigeru1 @arasaucedo24 @zepiron @pa‚Ä¶,‚Ä¶,"Sentiment(polarity=0.0, subjectivity=0.0)",0.0,0.0,en,0,618,jhainley1,,,"soniacolpo, Keith1Chill, glasgow_bruce, mrtom101, 1LM5QmlMvMo4l8x, JeffySeahawk, Sari_Friends, 0117shigeru1, arasaucedo24, zepiron",Gods hands,
1240960756125925377,Fri Mar 20 11:17:54 +0000 2020,"<a href=""https://mobile.twitter.com"" rel=""nofollow"">Twitter Web App</a>",RT @HeleneFouquet: The mayor of #Nice using #drones with loudspeakers shouting orders and monitoring people who might be on streets despite‚Ä¶,The mayor using loudspeakers shouting orders monitoring people might streets despite‚Ä¶,"Sentiment(polarity=0.0, subjectivity=0.0)",0.0,0.0,en,0,6,RymMomtaz,,"Nice, drones",HeleneFouquet,,
1240960693328924672,Fri Mar 20 11:17:39 +0000 2020,"<a href=""http://twitter.com/download/android"" rel=""nofollow"">Twitter for Android</a>","RT @CllrBSilvester: It has been in use for over 15 years. It is an existing approved drug.Why do #NICE have to test it again?
In Italy 60 y‚Ä¶",It use years It existing approved drug.Why test In Italy y‚Ä¶,"Sentiment(polarity=0.0, subjectivity=0.0)",0.0,0.0,en,0,6,geof_johns,,NICE,CllrBSilvester,,
1240958762996969472,Fri Mar 20 11:09:59 +0000 2020,"<a href=""https://mobile.twitter.com"" rel=""nofollow"">Twitter Web App</a>",Oh Christian...have you understood nothing. #COVID19 #COVID2019france #Nice https://t.co/RTieGXP1zW,Oh Christian ... understood nothing,"Sentiment(polarity=0.0, subjectivity=0.0)",0.0,0.0,en,0,0,RocketGoal,False,"COVID19, COVID2019france, Nice",,Paris,
1240958079262326784,Fri Mar 20 11:07:16 +0000 2020,"<a href=""https://mobile.twitter.com"" rel=""nofollow"">Twitter Web App</a>",@fokhrulhasan228 #Nice pic bro,pic bro,"Sentiment(polarity=0.0, subjectivity=0.0)",0.0,0.0,en,0,0,iloveumyma,,Nice,fokhrulhasan228,Bangladesh,
1240957921921503238,Fri Mar 20 11:06:39 +0000 2020,"<a href=""https://mobile.twitter.com"" rel=""nofollow"">Twitter Web App</a>","RT @CllrBSilvester: It has been in use for over 15 years. It is an existing approved drug.Why do #NICE have to test it again?
In Italy 60 y‚Ä¶",It use years It existing approved drug.Why test In Italy y‚Ä¶,"Sentiment(polarity=0.0, subjectivity=0.0)",0.0,0.0,en,0,6,StoicReality,,NICE,CllrBSilvester,Current SpaceTime Reality. Unlike #FakeNe,
